{
  "test/integration/pages/ProductFAQList.js": 1722401949857,
  "test/integration/pages/ProductFAQObjectPage.js": 1722401949905,
  "i18n/i18n.properties": 1722401966889,
  "test/integration/opaTests.qunit.js": 1722401949737,
  "test/integration/FirstJourney.js": 1722401949921,
  "test/testsuite.qunit.js": 1722401949665,
  "xs-app.json": 1722411151776,
  "manifest.json": 1722403773859,
  "Component.js": 1722401948741,
  "test/testsuite.qunit-dbg.js": 1722401949665,
  "test/testsuite.qunit.js.map": 1722411161567,
  "test/integration/pages/ProductFAQList-dbg.js": 1722401949857,
  "test/integration/pages/ProductFAQList.js.map": 1722411161567,
  "test/integration/opaTests.qunit-dbg.js": 1722401949737,
  "test/integration/opaTests.qunit.js.map": 1722411161561,
  "test/integration/FirstJourney-dbg.js": 1722401949921,
  "test/integration/FirstJourney.js.map": 1722411161574,
  "test/integration/pages/ProductFAQObjectPage-dbg.js": 1722401949905,
  "test/integration/pages/ProductFAQObjectPage.js.map": 1722411161564,
  "Component-dbg.js": 1722401948741,
  "Component.js.map": 1722411161567,
  "Component-preload.js": 1722411161676,
  "Component-preload.js.map": 1722411161676,
  "test/integration/opaTests.qunit.html": 1722401949737,
  "test/testsuite.qunit.html": 1722401949325,
  "test/flpSandbox.html": 1722401949293,
  "index.html": 1722401948741
}