{
  "xs-app.json": 1721882906668,
  "manifest.json": 1721404519947,
  "test/integration/pages/CustomerMessageList.js": 1721352331325,
  "test/integration/opaTests.qunit.js": 1721352331321,
  "test/integration/FirstJourney.js": 1721352331329,
  "test/testsuite.qunit.js": 1721352331313,
  "i18n/i18n.properties": 1721352351341,
  "test/integration/pages/CustomerMessageObjectPage.js": 1721352331325,
  "Component.js": 1721352331261,
  "Component-dbg.js": 1721352331261,
  "Component.js.map": 1721882924313,
  "test/integration/opaTests.qunit-dbg.js": 1721352331321,
  "test/integration/opaTests.qunit.js.map": 1721882924316,
  "test/integration/FirstJourney-dbg.js": 1721352331329,
  "test/integration/FirstJourney.js.map": 1721882924319,
  "test/testsuite.qunit-dbg.js": 1721352331313,
  "test/testsuite.qunit.js.map": 1721882924308,
  "test/integration/pages/CustomerMessageObjectPage-dbg.js": 1721352331325,
  "test/integration/pages/CustomerMessageObjectPage.js.map": 1721882924311,
  "test/integration/pages/CustomerMessageList-dbg.js": 1721352331325,
  "test/integration/pages/CustomerMessageList.js.map": 1721882924313,
  "Component-preload.js": 1721882924422,
  "Component-preload.js.map": 1721882924422,
  "test/integration/opaTests.qunit.html": 1721352331321,
  "test/testsuite.qunit.html": 1721352331301,
  "test/flpSandbox.html": 1721352331301,
  "index.html": 1721399537718
}