{
  "test/integration/pages/CustomerMessageList.js": 1721352331325,
  "i18n/i18n.properties": 1721352351341,
  "test/integration/pages/CustomerMessageObjectPage.js": 1721352331325,
  "test/integration/opaTests.qunit.js": 1721352331321,
  "test/integration/FirstJourney.js": 1721352331329,
  "test/testsuite.qunit.js": 1721352331313,
  "xs-app.json": 1721405104004,
  "manifest.json": 1721404519947,
  "Component.js": 1721352331261,
  "test/integration/pages/CustomerMessageList-dbg.js": 1721352331325,
  "test/integration/pages/CustomerMessageList.js.map": 1721405114220,
  "test/integration/pages/CustomerMessageObjectPage-dbg.js": 1721352331325,
  "test/integration/pages/CustomerMessageObjectPage.js.map": 1721405114216,
  "test/integration/opaTests.qunit-dbg.js": 1721352331321,
  "test/integration/opaTests.qunit.js.map": 1721405114214,
  "test/integration/FirstJourney-dbg.js": 1721352331329,
  "test/integration/FirstJourney.js.map": 1721405114217,
  "test/testsuite.qunit-dbg.js": 1721352331313,
  "test/testsuite.qunit.js.map": 1721405114217,
  "Component-dbg.js": 1721352331261,
  "Component.js.map": 1721405114219,
  "Component-preload.js": 1721405114318,
  "Component-preload.js.map": 1721405114318,
  "test/integration/opaTests.qunit.html": 1721352331321,
  "test/testsuite.qunit.html": 1721352331301,
  "test/flpSandbox.html": 1721352331301,
  "index.html": 1721399537718
}