{
  "Component-preload.js.map": 1722411159196,
  "manifest.json": 1722387237881,
  "test/integration/pages/CustomerMessageList.js": 1722382053074,
  "test/integration/opaTests.qunit.js": 1722382053070,
  "test/integration/FirstJourney.js": 1722382053078,
  "test/testsuite.qunit.js": 1722382053054,
  "xs-app.json": 1722411151776,
  "test/integration/pages/CustomerMessageObjectPage.js": 1722382053074,
  "Component.js": 1722382052898,
  "test/integration/opaTests.qunit-dbg.js": 1722382053070,
  "test/integration/opaTests.qunit.js.map": 1722411159130,
  "test/integration/pages/CustomerMessageList-dbg.js": 1722382053074,
  "test/integration/pages/CustomerMessageList.js.map": 1722411159071,
  "test/integration/FirstJourney-dbg.js": 1722382053078,
  "test/integration/FirstJourney.js.map": 1722411159131,
  "test/testsuite.qunit-dbg.js": 1722382053054,
  "test/testsuite.qunit.js.map": 1722411159135,
  "test/integration/pages/CustomerMessageObjectPage-dbg.js": 1722382053074,
  "test/integration/pages/CustomerMessageObjectPage.js.map": 1722411159123,
  "Component-dbg.js": 1722382052898,
  "Component.js.map": 1722411159125,
  "Component-preload.js": 1722411159196,
  "i18n/i18n.properties": 1722382073594,
  "test/integration/opaTests.qunit.html": 1722382053070,
  "test/testsuite.qunit.html": 1722382053038,
  "test/flpSandbox.html": 1722382053038,
  "index.html": 1722382052898
}