{
  "test/integration/opaTests.qunit.js": 1722382053070,
  "manifest.json": 1722387237881,
  "test/integration/pages/CustomerMessageList.js": 1722382053074,
  "i18n/i18n.properties": 1722382073594,
  "test/integration/FirstJourney.js": 1722382053078,
  "test/testsuite.qunit.js": 1722382053054,
  "xs-app.json": 1722400500147,
  "test/integration/pages/CustomerMessageObjectPage.js": 1722382053074,
  "Component.js": 1722382052898,
  "test/integration/FirstJourney-dbg.js": 1722382053078,
  "test/integration/FirstJourney.js.map": 1722400514567,
  "test/integration/opaTests.qunit-dbg.js": 1722382053070,
  "test/integration/opaTests.qunit.js.map": 1722400514561,
  "test/integration/pages/CustomerMessageList-dbg.js": 1722382053074,
  "test/integration/pages/CustomerMessageList.js.map": 1722400514565,
  "test/testsuite.qunit-dbg.js": 1722382053054,
  "test/testsuite.qunit.js.map": 1722400514568,
  "test/integration/pages/CustomerMessageObjectPage-dbg.js": 1722382053074,
  "test/integration/pages/CustomerMessageObjectPage.js.map": 1722400514564,
  "Component-dbg.js": 1722382052898,
  "Component.js.map": 1722400514565,
  "Component-preload.js": 1722400514677,
  "Component-preload.js.map": 1722400514677,
  "test/integration/opaTests.qunit.html": 1722382053070,
  "test/testsuite.qunit.html": 1722382053038,
  "test/flpSandbox.html": 1722382053038,
  "index.html": 1722382052898
}