{
  "test/integration/pages/ObjectPage-dbg.js": 1721877810264,
  "test/integration/pages/ProductFAQList.js": 1721874319811,
  "test/integration/pages/ProductFAQObjectPage.js": 1721874319811,
  "test/integration/pages/ObjectPage.js": 1721877810264,
  "test/integration/pages/List.js": 1721877810256,
  "test/integration/opaTests.qunit.js": 1721877810180,
  "test/integration/FirstJourney.js": 1721877810320,
  "test/testsuite.qunit.js": 1721877810156,
  "xs-app.json": 1721888916924,
  "manifest.json": 1721885898874,
  "Component.js": 1721877809916,
  "test/testsuite.qunit-dbg.js": 1721877810156,
  "test/testsuite.qunit.js.map": 1721888930986,
  "test/integration/pages/ProductFAQObjectPage-dbg.js": 1721874319811,
  "test/integration/pages/ProductFAQObjectPage.js.map": 1721888930977,
  "i18n/i18n.properties": 1721877810020,
  "test/integration/pages/ObjectPage.js.map": 1721888930922,
  "test/integration/pages/List-dbg.js": 1721877810256,
  "test/integration/pages/List.js.map": 1721888930974,
  "test/integration/opaTests.qunit-dbg.js": 1721877810180,
  "test/integration/opaTests.qunit.js.map": 1721888930925,
  "test/integration/FirstJourney-dbg.js": 1721877810320,
  "test/integration/FirstJourney.js.map": 1721888930970,
  "test/integration/pages/ProductFAQList-dbg.js": 1721874319811,
  "test/integration/pages/ProductFAQList.js.map": 1721888930974,
  "Component-dbg.js": 1721877809916,
  "Component.js.map": 1721888930976,
  "Component-preload.js": 1721888931058,
  "Component-preload.js.map": 1721888931058,
  "test/integration/opaTests.qunit.html": 1721877810176,
  "test/testsuite.qunit.html": 1721877810148,
  "test/flpSandbox.html": 1721877810076,
  "index.html": 1721885799328
}