{
  "test/integration/FirstJourney.js.map": 1721882927202,
  "test/testsuite.qunit.js": 1721877810156,
  "test/integration/pages/ProductFAQList.js": 1721874319811,
  "test/integration/pages/ObjectPage.js": 1721877810264,
  "test/integration/pages/List.js": 1721877810256,
  "test/integration/opaTests.qunit.js": 1721877810180,
  "test/integration/FirstJourney.js": 1721877810320,
  "test/integration/pages/ProductFAQObjectPage.js": 1721874319811,
  "xs-app.json": 1721882906668,
  "manifest.json": 1721880069735,
  "Component.js": 1721877809916,
  "test/integration/pages/ProductFAQList-dbg.js": 1721874319811,
  "test/integration/pages/ProductFAQList.js.map": 1721882927199,
  "test/testsuite.qunit-dbg.js": 1721877810156,
  "test/testsuite.qunit.js.map": 1721882927205,
  "test/integration/pages/ObjectPage-dbg.js": 1721877810264,
  "test/integration/pages/ObjectPage.js.map": 1721882927206,
  "test/integration/pages/List-dbg.js": 1721877810256,
  "test/integration/pages/List.js.map": 1721882927193,
  "test/integration/opaTests.qunit-dbg.js": 1721877810180,
  "test/integration/opaTests.qunit.js.map": 1721882927197,
  "test/integration/FirstJourney-dbg.js": 1721877810320,
  "i18n/i18n.properties": 1721877810020,
  "test/integration/pages/ProductFAQObjectPage-dbg.js": 1721874319811,
  "test/integration/pages/ProductFAQObjectPage.js.map": 1721882927203,
  "Component-dbg.js": 1721877809916,
  "Component.js.map": 1721882927203,
  "Component-preload.js": 1721882927289,
  "Component-preload.js.map": 1721882927289,
  "test/integration/opaTests.qunit.html": 1721877810176,
  "test/testsuite.qunit.html": 1721877810148,
  "test/flpSandbox.html": 1721877810076,
  "index.html": 1721877809976
}