{
  "test/testsuite.qunit.html": 1721874319687,
  "test/integration/pages/ProductFAQObjectPage.js": 1721874319811,
  "test/integration/pages/ProductFAQList.js": 1721874319811,
  "test/integration/opaTests.qunit.js": 1721874319751,
  "test/integration/FirstJourney.js": 1721874319823,
  "test/testsuite.qunit.js": 1721874319719,
  "xs-app.json": 1721874749535,
  "manifest.json": 1721874749643,
  "Component.js": 1721874319255,
  "test/integration/pages/ProductFAQList-dbg.js": 1721874319811,
  "test/integration/pages/ProductFAQList.js.map": 1721874764127,
  "test/integration/pages/ProductFAQObjectPage-dbg.js": 1721874319811,
  "test/integration/pages/ProductFAQObjectPage.js.map": 1721874764126,
  "test/integration/opaTests.qunit-dbg.js": 1721874319751,
  "test/integration/opaTests.qunit.js.map": 1721874764179,
  "test/integration/FirstJourney-dbg.js": 1721874319823,
  "test/integration/FirstJourney.js.map": 1721874764127,
  "test/testsuite.qunit-dbg.js": 1721874319719,
  "test/testsuite.qunit.js.map": 1721874764129,
  "Component-dbg.js": 1721874319255,
  "Component.js.map": 1721874764128,
  "Component-preload.js": 1721874764244,
  "Component-preload.js.map": 1721874764244,
  "test/integration/opaTests.qunit.html": 1721874319751,
  "i18n/i18n.properties": 1721874330942,
  "test/flpSandbox.html": 1721874319683,
  "index.html": 1721874319255
}